Density,WD,CID,CrossC,OC
0.05,0.034621149,0.022198391,0.054016537,0.058260841
0.1,0.016240602,0.011201044,0.029497494,0.037013498
0.15,0.014228013,0.008571429,0.019046512,0.019744133
0.2,0.015564033,0.007304348,0.014896552,0.015906977
