Density,WD,CID,CrossC,OC
0.05,0.007714286,0.005625,0.005806452,0.005806452
0.1,0.018971722,0.015828877,0.012071856,0.012058175
0.15,0.010028571,0.00588785,0.006363636,0.006428571
0.2,0.00791623,0.005,0.005837838,0.007015385
