Density,WD,CID,CrossC,OC
0.05,0.102944754,0.050255474,0.556895105,0.580386566
0.1,0.022385204,0.015418605,0.087165171,0.119116025
0.15,0.02246912,0.011647059,0.029048276,0.030904615
0.2,0.019029851,0.011775701,0.032298975,0.034400291
